file,bugChurn,rank
org.apache.hadoop.hbase.thrift.generated.Hbase_java,6237,1
org.apache.hadoop.hbase.regionserver.HRegion_java,1156,2
org.apache.hadoop.hbase.HBaseTestingUtility_java,976,3
org.apache.hadoop.hbase.master.SplitLogManager_java,602,4
org.apache.hadoop.hbase.master.HMaster_java,474,5
org.apache.hadoop.hbase.mapreduce.LoadIncrementalHFiles_java,393,6
org.apache.hadoop.hbase.regionserver.HRegionServer_java,328,7
org.apache.hadoop.hbase.tool.Canary_java,253,8
org.apache.hadoop.hbase.client.HTable_java,244,9
org.apache.hadoop.hbase.master.MasterFileSystem_java,208,10
org.apache.hadoop.hbase.mapreduce.ImportTsv_java,206,11
org.apache.hadoop.hbase.rest.TableResource_java,196,12
org.apache.hadoop.hbase.master.ServerManager_java,192,13
org.apache.hadoop.hbase.master.ActiveMasterManager_java,171,14
org.apache.hadoop.hbase.regionserver.Store_java,167,15
org.apache.hadoop.hbase.mapreduce.MapreduceTestingShim_java,159,16
org.apache.hadoop.hbase.util.FSUtils_java,157,17
org.apache.hadoop.hbase.regionserver.StoreScanner_java,137,18
org.apache.hadoop.hbase.client.HBaseAdmin_java,115,19
org.apache.hadoop.hbase.io.hfile.HFileBlockIndex_java,115,19
org.apache.hadoop.hbase.regionserver.StoreFile_java,115,19
org.apache.hadoop.hbase.client.HConnectionTestingUtility_java,98,22
org.apache.hadoop.hbase.zookeeper.ZKUtil_java,97,23
org.apache.hadoop.hbase.util.HasThread_java,97,23
org.apache.hadoop.hbase.mapreduce.TsvImporterMapper_java,91,25
org.apache.hadoop.hbase.HRegionInfo_java,89,26
org.apache.hadoop.hbase.ServerName_java,86,27
org.apache.hadoop.hbase.HBaseTestCase_java,83,28
org.apache.hadoop.hbase.master.CatalogJanitor_java,75,29
org.apache.hadoop.hbase.client.RetriesExhaustedException_java,72,30
org.apache.hadoop.hbase.mapreduce.MultithreadedTableMapper_java,70,31
org.apache.hadoop.hbase.io.hfile.HFileBlock_java,70,31
org.apache.hadoop.hbase.io.hfile.HFile_java,66,33
org.apache.hadoop.hbase.regionserver.DataBlockEncodingTool_java,66,33
org.apache.hadoop.hbase.regionserver.handler.CloseRegionHandler_java,60,35
org.apache.hadoop.hbase.io.hfile.LruBlockCache_java,60,35
org.apache.hadoop.hbase.thrift.ThriftServer_java,59,37
org.apache.hadoop.hbase.HConstants_java,56,38
org.apache.hadoop.hbase.regionserver.RegionServerAccounting_java,52,39
org.apache.hadoop.hbase.replication.regionserver.ReplicationSource_java,49,40
org.apache.hadoop.hbase.util.HBaseFsck_java,47,41
org.apache.hadoop.hbase.mapreduce.TableMapReduceUtil_java,45,42
org.apache.hadoop.hbase.util.HBaseFsckRepair_java,44,43
org.apache.hadoop.hbase.regionserver.handler.OpenRegionHandler_java,44,43
org.apache.hadoop.hbase.replication.ReplicationPeer_java,40,45
org.apache.hadoop.hbase.client.ClientScanner_java,39,46
org.apache.hadoop.hbase.security.access.AccessController_java,38,47
org.apache.hadoop.hbase.regionserver.ShutdownHook_java,38,47
org.apache.hadoop.hbase.util.GetJavaProperty_java,37,49
org.apache.hadoop.hbase.regionserver.SplitLogWorker_java,36,50
org.apache.hadoop.hbase.zookeeper.RecoverableZooKeeper_java,34,51
org.apache.hadoop.hbase.regionserver.KeyValueHeap_java,33,52
org.apache.hadoop.hbase.regionserver.StoreFileScanner_java,33,52
org.apache.hadoop.hbase.ResourceChecker_java,33,52
org.apache.hadoop.hbase.rest.RowResource_java,32,55
org.apache.hadoop.hbase.KeyValue_java,32,55
org.apache.hadoop.hbase.regionserver.MemStore_java,29,57
org.apache.hadoop.hbase.util.Addressing_java,29,57
org.apache.hadoop.hbase.io.hfile.CacheConfig_java,26,59
org.apache.hadoop.hbase.util.JVMClusterUtil_java,24,60
org.apache.hadoop.hbase.regionserver.KeyValueScanner_java,23,61
org.apache.hadoop.hbase.security.User_java,23,61
org.apache.hadoop.hbase.HBaseConfiguration_java,22,63
org.apache.hadoop.hbase.LocalHBaseCluster_java,22,63
org.apache.hadoop.hbase.replication.regionserver.ReplicationSourceManager_java,21,65
org.apache.hadoop.hbase.monitoring.MonitoredRPCHandlerImpl_java,21,65
org.apache.hadoop.hbase.replication.regionserver.ReplicationSink_java,21,65
org.apache.hadoop.hbase.regionserver.InternalScanner_java,20,68
org.apache.hadoop.hbase.filter.Filter_java,19,69
org.apache.hadoop.hbase.ClusterStatus_java,18,70
org.apache.hadoop.hbase.util.ClassSize_java,18,70
org.apache.hadoop.hbase.util.FSTableDescriptors_java,18,70
org.apache.hadoop.hbase.master.RegionPlan_java,17,73
org.apache.hadoop.hbase.constraint.RuntimeFailConstraint_java,17,73
org.apache.hadoop.hbase.filter.TimestampsFilter_java,17,73
org.apache.hadoop.hbase.io.hfile.CacheableDeserializer_java,17,73
org.apache.hadoop.hbase.util.RegionSplitter_java,17,73
org.apache.hadoop.hbase.util.Strings_java,16,78
org.apache.hadoop.hbase.coprocessor.AggregateImplementation_java,15,79
org.apache.hadoop.hbase.util.Bytes_java,15,79
org.apache.hadoop.hbase.MiniHBaseCluster_java,15,79
org.apache.hadoop.hbase.regionserver.NonLazyKeyValueScanner_java,14,82
org.apache.hadoop.hbase.regionserver.LogRoller_java,14,82
org.apache.hadoop.hbase.executor.ExecutorService_java,14,82
org.apache.hadoop.hbase.monitoring.TaskMonitor_java,14,82
org.apache.hadoop.hbase.zookeeper.MasterAddressTracker_java,14,82
org.apache.hadoop.hbase.filter.CompareFilter_java,12,87
org.apache.hadoop.hbase.regionserver.SplitRequest_java,12,87
org.apache.hadoop.hbase.client.Result_java,12,87
org.apache.hadoop.hbase.filter.FilterBase_java,12,87
org.apache.hadoop.hbase.util.Writables_java,12,87
org.apache.hadoop.hbase.coprocessor.CoprocessorHost_java,12,87
org.apache.hadoop.hbase.rest.MultiRowResource_java,12,87
org.apache.hadoop.hbase.filter.BinaryPrefixComparator_java,11,94
org.apache.hadoop.hbase.filter.SubstringComparator_java,11,94
org.apache.hadoop.hbase.filter.BitComparator_java,10,96
org.apache.hadoop.hbase.client.ScannerCallable_java,10,96
org.apache.hadoop.hbase.regionserver.MemStoreFlusher_java,10,96
org.apache.hadoop.hbase.thrift.ThriftMetrics_java,9,99
org.apache.hadoop.hbase.regionserver.TimeRangeTracker_java,9,99
org.apache.hadoop.hbase.filter.FilterList_java,9,99
org.apache.hadoop.hbase.regionserver.handler.CloseMetaHandler_java,9,99
org.apache.hadoop.hbase.constraint.CheckConfigurationConstraint_java,9,99
org.apache.hadoop.hbase.zookeeper.ZKConfig_java,8,104
org.apache.hadoop.hbase.filter.DependentColumnFilter_java,8,104
org.apache.hadoop.hbase.master.HMasterCommandLine_java,7,106
org.apache.hadoop.hbase.fs.HFileSystem_java,7,106
org.apache.hadoop.hbase.master.MasterServices_java,7,106
org.apache.hadoop.hbase.master.LoadBalancer_java,6,109
org.apache.hadoop.hbase.util.hbck.OfflineMetaRebuildTestCore_java,6,109
org.apache.hadoop.hbase.mapreduce.HRegionPartitioner_java,6,109
org.apache.hadoop.hbase.filter.BinaryComparator_java,6,109
org.apache.hadoop.hbase.filter.KeyOnlyFilter_java,5,113
org.apache.hadoop.hbase.zookeeper.HQuorumPeer_java,5,113
org.apache.hadoop.hbase.filter.SingleColumnValueFilter_java,5,113
org.apache.hadoop.hbase.filter.RegexStringComparator_java,5,113
org.apache.hadoop.hbase.io.Reference_java,5,113
org.apache.hadoop.hbase.HColumnDescriptor_java,5,113
org.apache.hadoop.hbase.filter.SkipFilter_java,5,113
org.apache.hadoop.hbase.filter.WhileMatchFilter_java,5,113
org.apache.hadoop.hbase.security.token.AuthenticationTokenSecretManager_java,4,121
org.apache.hadoop.hbase.util.hbck.OfflineMetaRepair_java,4,121
org.apache.hadoop.hbase.PerformanceEvaluation_java,4,121
org.apache.hadoop.hbase.io.hfile.HFilePrettyPrinter_java,4,121
org.apache.hadoop.hbase.thrift.HbaseHandlerMetricsProxy_java,4,121
org.apache.hadoop.hbase.util.BloomFilterFactory_java,4,121
org.apache.hadoop.hbase.filter.NullComparator_java,4,121
org.apache.hadoop.hbase.client.coprocessor.AggregationClient_java,4,121
org.apache.hadoop.hbase.TableDescriptors_java,4,121
org.apache.hadoop.hbase.zookeeper.ClusterStatusTracker_java,4,121
org.apache.hadoop.hbase.zookeeper.ZKLeaderManager_java,4,121
org.apache.hadoop.hbase.client.coprocessor.LongColumnInterpreter_java,4,121
org.apache.hadoop.hbase.mapreduce.TableInputFormat_java,3,133
org.apache.hadoop.hbase.regionserver.RegionServerServices_java,3,133
org.apache.hadoop.hbase.regionserver.Leases_java,3,133
org.apache.hadoop.hbase.executor.EventHandler_java,3,133
org.apache.hadoop.hbase.thrift2.ThriftHBaseServiceHandler_java,2,137
org.apache.hadoop.hbase.coprocessor.ColumnAggregationEndpoint_java,2,137
org.apache.hadoop.hbase.mapreduce.package-info_java,2,137
org.apache.hadoop.hbase.constraint.Constraints_java,2,137
org.apache.hadoop.hbase.master.MasterStatusServlet_java,2,137
org.apache.hadoop.hbase.regionserver.RSStatusServlet_java,2,137
org.apache.hadoop.hbase.HFilePerformanceEvaluation_java,2,137
org.apache.hadoop.hbase.zookeeper.ZKSplitLog_java,2,137
org.apache.hadoop.hbase.replication.regionserver.Replication_java,2,137
org.apache.hadoop.hbase.regionserver.RegionCoprocessorHost_java,2,137
org.apache.hadoop.hbase.thrift.TBoundedThreadPoolServer_java,2,137
