file,bugChurn,rank
org.apache.hadoop.hbase.regionserver.HRegionServer_java,875,1
org.apache.hadoop.hbase.util.RedundantKVGenerator_java,563,2
org.apache.hadoop.hbase.master.HMaster_java,319,3
org.apache.hadoop.hbase.KeyValue_java,257,4
org.apache.hadoop.hbase.master.ServerManager_java,241,5
org.apache.hadoop.hbase.rest.RowResource_java,237,6
org.apache.hadoop.hbase.regionserver.StoreScanner_java,211,7
org.apache.hadoop.hbase.master.assignment.UnassignProcedure_java,211,7
org.apache.hadoop.hbase.tool.Canary_java,192,9
org.apache.hadoop.hbase.client.TableDescriptorBuilder_java,191,10
org.apache.hadoop.hbase.master.assignment.AssignmentManager_java,186,11
org.apache.hadoop.hbase.regionserver.querymatcher.UserScanQueryMatcher_java,176,12
org.apache.hadoop.hbase.regionserver.RSRpcServices_java,173,13
org.apache.hadoop.hbase.rsgroup.RSGroupAdminServer_java,166,14
org.apache.hadoop.hbase.replication.regionserver.WALEntryStream_java,152,15
org.apache.hadoop.hbase.replication.regionserver.HBaseInterClusterReplicationEndpoint_java,145,16
org.apache.hadoop.hbase.coprocessor.MasterObserver_java,144,17
org.apache.hadoop.hbase.client.AsyncNonMetaRegionLocator_java,143,18
org.apache.hadoop.hbase.master.MasterCoprocessorHost_java,135,19
org.apache.hadoop.hbase.master.assignment.RegionTransitionProcedure_java,134,20
org.apache.hadoop.hbase.util.LoadTestKVGenerator_java,119,21
org.apache.hadoop.hbase.rest.RowResourceBase_java,108,22
org.apache.hadoop.hbase.procedure2.store.wal.ProcedureWALFormatReader_java,105,23
org.apache.hadoop.hbase.master.procedure.EnableTableProcedure_java,105,23
org.apache.hadoop.hbase.CellUtil_java,101,25
org.apache.hadoop.hbase.replication.regionserver.ReplicationSourceManager_java,94,26
org.apache.hadoop.hbase.regionserver.HRegion_java,92,27
org.apache.hadoop.hbase.replication.ReplicationEndpoint_java,88,28
org.apache.hadoop.hbase.client.RpcRetryingCallerWithReadReplicas_java,84,29
org.apache.hadoop.hbase.protobuf.ProtobufUtil_java,84,29
org.apache.hadoop.hbase.ipc.CallQueueInfo_java,81,31
org.apache.hadoop.hbase.master.cleaner.CleanerChore_java,73,32
org.apache.hadoop.hbase.replication.regionserver.ReplicationSource_java,68,33
org.apache.hadoop.hbase.ipc.NettyRpcConnection_java,65,34
org.apache.hadoop.hbase.io.asyncfs.FanOutOneBlockAsyncDFSOutputHelper_java,63,35
org.apache.hadoop.hbase.ipc.FifoRpcScheduler_java,57,36
org.apache.hadoop.hbase.master.assignment.SplitTableRegionProcedure_java,56,37
org.apache.hadoop.hbase.wal.WALSplitter_java,55,38
org.apache.hadoop.hbase.security.access.ZKPermissionWatcher_java,55,38
org.apache.hadoop.hbase.ipc.SimpleServerRpcConnection_java,54,40
org.apache.hadoop.hbase.security.access.AccessController_java,54,40
org.apache.hadoop.hbase.regionserver.ScannerIdGenerator_java,51,42
org.apache.hadoop.hbase.master.procedure.ProcedureSyncWait_java,50,43
org.apache.hadoop.hbase.regionserver.OnlineRegions_java,47,44
org.apache.hadoop.hbase.ipc.RpcExecutor_java,47,44
org.apache.hadoop.hbase.rest.TableResource_java,46,46
org.apache.hadoop.hbase.util.LoadTestTool_java,46,46
org.apache.hadoop.hbase.quotas.MasterQuotaManager_java,45,48
org.apache.hadoop.hbase.regionserver.MutableOnlineRegions_java,44,49
org.apache.hadoop.hbase.util.VersionInfo_java,43,50
org.apache.hadoop.hbase.master.assignment.AssignProcedure_java,43,50
org.apache.hadoop.hbase.master.snapshot.SnapshotManager_java,43,50
org.apache.hadoop.hbase.client.Table_java,42,53
org.apache.hadoop.hbase.client.Scan_java,40,54
org.apache.hadoop.hbase.security.visibility.VisibilityReplicationEndpoint_java,40,54
org.apache.hadoop.hbase.util.ObjectPool_java,39,56
org.apache.hadoop.hbase.security.visibility.VisibilityController_java,38,57
org.apache.hadoop.hbase.rest.MetricsRESTSource_java,38,57
org.apache.hadoop.hbase.regionserver.snapshot.FlushSnapshotSubprocedure_java,38,57
org.apache.hadoop.hbase.security.access.AccessControlLists_java,37,60
org.apache.hadoop.hbase.regionserver.wal.AbstractFSWAL_java,35,61
org.apache.hadoop.hbase.ServerLoad_java,35,61
org.apache.hadoop.hbase.HTableDescriptor_java,35,61
org.apache.hadoop.hbase.client.Get_java,34,64
org.apache.hadoop.hbase.client.MetaCache_java,34,64
org.apache.hadoop.hbase.replication.regionserver.WALFileLengthProvider_java,34,64
org.apache.hadoop.hbase.regionserver.wal.FSHLog_java,33,67
org.apache.hadoop.hbase.regionserver.RSDumpServlet_java,33,67
org.apache.hadoop.hbase.client.TableDescriptor_java,33,67
org.apache.hadoop.hbase.client.Admin_java,32,70
org.apache.hadoop.hbase.CoordinatedStateManager_java,31,71
org.apache.hadoop.hbase.io.FSDataInputStreamWrapper_java,31,71
org.apache.hadoop.hbase.regionserver.HRegionFileSystem_java,31,71
org.apache.hadoop.hbase.procedure2.ProcedureExecutor_java,30,74
org.apache.hadoop.hbase.client.RegionReplicaUtil_java,30,74
org.apache.hadoop.hbase.client.ClientUtil_java,30,74
org.apache.hadoop.hbase.master.procedure.CreateTableProcedure_java,29,77
org.apache.hadoop.hbase.ipc.SimpleRpcScheduler_java,28,78
org.apache.hadoop.hbase.rest.MetricsRESTSourceImpl_java,28,78
org.apache.hadoop.hbase.rest.MetricsREST_java,28,78
org.apache.hadoop.hbase.regionserver.querymatcher.ScanQueryMatcher_java,28,78
org.apache.hadoop.hbase.wal.WALKey_java,28,78
org.apache.hadoop.hbase.HConstants_java,27,83
org.apache.hadoop.hbase.regionserver.LogRoller_java,27,83
org.apache.hadoop.hbase.coprocessor.RegionServerObserver_java,25,85
org.apache.hadoop.hbase.client.RegionInfoBuilder_java,25,85
org.apache.hadoop.hbase.replication.regionserver.ReplicationSourceWALReader_java,25,85
org.apache.hadoop.hbase.chaos.actions.UnbalanceKillAndRebalanceAction_java,24,88
org.apache.hadoop.hbase.client.ScannerCallableWithReplicas_java,24,88
org.apache.hadoop.hbase.master.procedure.ServerCrashProcedure_java,24,88
org.apache.hadoop.hbase.client.Increment_java,24,88
org.apache.hadoop.hbase.client.ConnectionConfiguration_java,24,88
org.apache.hadoop.hbase.client.AsyncRegionLocator_java,23,93
org.apache.hadoop.hbase.io.hfile.bucket.FileIOEngine_java,23,93
org.apache.hadoop.hbase.mob.compactions.PartitionedMobCompactor_java,23,93
org.apache.hadoop.hbase.util.JVMClusterUtil_java,23,93
org.apache.hadoop.hbase.master.procedure.ModifyTableProcedure_java,22,97
org.apache.hadoop.hbase.filter.FuzzyRowFilter_java,22,97
org.apache.hadoop.hbase.client.ConnectionImplementation_java,22,97
org.apache.hadoop.hbase.coordination.ZkCoordinatedStateManager_java,21,100
org.apache.hadoop.hbase.regionserver.RegionServerCoprocessorHost_java,21,100
org.apache.hadoop.hbase.client.Append_java,21,100
org.apache.hadoop.hbase.util.SoftObjectPool_java,21,100
org.apache.hadoop.hbase.util.WeakObjectPool_java,21,100
org.apache.hadoop.hbase.io.hfile.bucket.BucketCache_java,21,100
org.apache.hadoop.hbase.regionserver.HStore_java,20,106
org.apache.hadoop.hbase.HColumnDescriptor_java,20,106
org.apache.hadoop.hbase.replication.regionserver.RecoveredReplicationSource_java,19,108
org.apache.hadoop.hbase.rest.TableScanResource_java,19,108
org.apache.hadoop.hbase.security.visibility.VisibilityScanDeleteTracker_java,19,108
org.apache.hadoop.hbase.replication.regionserver.Replication_java,19,108
org.apache.hadoop.hbase.replication.ReplicationSourceDummy_java,18,112
org.apache.hadoop.hbase.TableName_java,18,112
org.apache.hadoop.hbase.master.assignment.RegionStates_java,18,112
org.apache.hadoop.hbase.io.hfile.LruBlockCache_java,17,115
org.apache.hadoop.hbase.regionserver.ReplicationService_java,17,115
org.apache.hadoop.hbase.io.hfile.CacheConfig_java,17,115
org.apache.hadoop.hbase.client.Result_java,16,118
org.apache.hadoop.hbase.LocalHBaseCluster_java,16,118
org.apache.hadoop.hbase.rsgroup.RSGroupBasedLoadBalancer_java,16,118
org.apache.hadoop.hbase.util.StealJobQueue_java,16,118
org.apache.hadoop.hbase.replication.BaseReplicationEndpoint_java,16,118
org.apache.hadoop.hbase.client.metrics.ServerSideScanMetrics_java,15,123
org.apache.hadoop.hbase.MetaTableAccessor_java,15,123
org.apache.hadoop.hbase.regionserver.SplitLogWorker_java,15,123
org.apache.hadoop.hbase.master.assignment.MoveRegionProcedure_java,15,123
org.apache.hadoop.hbase.regionserver.RegionCoprocessorHost_java,15,123
org.apache.hadoop.hbase.zookeeper.ZKUtil_java,14,128
org.apache.hadoop.hbase.client.ConnectionUtils_java,14,128
org.apache.hadoop.hbase.replication.regionserver.ReplicationSourceInterface_java,14,128
org.apache.hadoop.hbase.shaded.protobuf.ProtobufUtil_java,14,128
org.apache.hadoop.hbase.replication.regionserver.MetricsReplicationGlobalSourceSource_java,14,128
org.apache.hadoop.hbase.mapreduce.TableOutputFormat_java,14,128
org.apache.hadoop.hbase.shaded.protobuf.RequestConverter_java,13,134
org.apache.hadoop.hbase.mapred.TableOutputFormat_java,13,134
org.apache.hadoop.hbase.master.CatalogJanitor_java,13,134
org.apache.hadoop.hbase.snapshot.SnapshotTestingUtils_java,13,134
org.apache.hadoop.hbase.util.HBaseFsck_java,12,138
org.apache.hadoop.hbase.security.visibility.VisibilityClient_java,12,138
org.apache.hadoop.hbase.util.Threads_java,12,138
org.apache.hadoop.hbase.master.procedure.DisableTableProcedure_java,12,138
org.apache.hadoop.hbase.security.visibility.DefaultVisibilityLabelServiceImpl_java,12,138
org.apache.hadoop.hbase.wal.WALProvider_java,12,138
org.apache.hadoop.hbase.io.hfile.BlockCacheUtil_java,11,144
org.apache.hadoop.hbase.client.AbstractTestAsyncTableScan_java,11,144
org.apache.hadoop.hbase.master.MockNoopMasterServices_java,11,144
org.apache.hadoop.hbase.regionserver.CompactingMemStore_java,11,144
org.apache.hadoop.hbase.master.balancer.StochasticLoadBalancer_java,11,144
org.apache.hadoop.hbase.wal.WALFactory_java,11,144
org.apache.hadoop.hbase.rest.RESTServer_java,11,144
org.apache.hadoop.hbase.master.HMasterCommandLine_java,10,151
org.apache.hadoop.hbase.client.AsyncMetaRegionLocator_java,10,151
org.apache.hadoop.hbase.thrift.ThriftUtilities_java,10,151
org.apache.hadoop.hbase.master.procedure.MasterProcedureScheduler_java,10,151
org.apache.hadoop.hbase.client.RegionInfo_java,10,151
org.apache.hadoop.hbase.replication.HBaseReplicationEndpoint_java,10,151
org.apache.hadoop.hbase.ipc.FailedServers_java,10,151
org.apache.hadoop.hbase.master.MasterRpcServices_java,10,151
org.apache.hadoop.hbase.TagUtil_java,10,151
org.apache.hadoop.hbase.mapreduce.HFileOutputFormat2_java,10,151
org.apache.hadoop.hbase.coordination.ZkSplitLogWorkerCoordination_java,9,161
org.apache.hadoop.hbase.master.procedure.ServerCrashException_java,9,161
org.apache.hadoop.hbase.coordination.ZKSplitLogManagerCoordination_java,9,161
org.apache.hadoop.hbase.client.TableSnapshotScanner_java,9,161
org.apache.hadoop.hbase.regionserver.IncreasingToUpperBoundRegionSplitPolicy_java,8,165
org.apache.hadoop.hbase.wal.DisabledWALProvider_java,8,165
org.apache.hadoop.hbase.regionserver.HMobStore_java,8,165
org.apache.hadoop.hbase.client.RegionServerCallable_java,8,165
org.apache.hadoop.hbase.client.ColumnFamilyDescriptorBuilder_java,8,165
org.apache.hadoop.hbase.zookeeper.RecoverableZooKeeper_java,8,165
org.apache.hadoop.hbase.client.RegionAdminServiceCallable_java,8,165
org.apache.hadoop.hbase.regionserver.SecureBulkLoadManager_java,8,165
org.apache.hadoop.hbase.mapreduce.TableMapReduceUtil_java,7,173
org.apache.hadoop.hbase.regionserver.querymatcher.ScanWildcardColumnTracker_java,7,173
org.apache.hadoop.hbase.chaos.factories.UnbalanceMonkeyFactory_java,6,175
org.apache.hadoop.hbase.PerformanceEvaluation_java,6,175
org.apache.hadoop.hbase.filter.FilterList_java,6,175
org.apache.hadoop.hbase.coprocessor.RegionServerCoprocessorEnvironment_java,6,175
org.apache.hadoop.hbase.master.procedure.RSProcedureDispatcher_java,6,175
org.apache.hadoop.hbase.master.TableNamespaceManager_java,6,175
org.apache.hadoop.hbase.replication.regionserver.MetricsSource_java,6,175
org.apache.hadoop.hbase.regionserver.wal.AsyncFSWAL_java,6,175
org.apache.hadoop.hbase.mapreduce.TableSnapshotInputFormatImpl_java,6,175
org.apache.hadoop.hbase.coprocessor.RegionCoprocessorEnvironment_java,6,175
org.apache.hadoop.hbase.client.RpcRetryingCallerImpl_java,6,175
org.apache.hadoop.hbase.security.access.Permission_java,6,175
org.apache.hadoop.hbase.wal.WAL_java,6,175
org.apache.hadoop.hbase.snapshot.SnapshotDescriptionUtils_java,6,175
org.apache.hadoop.hbase.regionserver.wal.AbstractTestWALReplay_java,6,175
org.apache.hadoop.hbase.client.Query_java,6,175
org.apache.hadoop.hbase.regionserver.OOMERegionServer_java,5,191
org.apache.hadoop.hbase.ipc.DelegatingRpcScheduler_java,5,191
org.apache.hadoop.hbase.client.AsyncAdmin_java,5,191
org.apache.hadoop.hbase.coprocessor.RegionObserver_java,5,191
org.apache.hadoop.hbase.regionserver.HRegionServerCommandLine_java,5,191
org.apache.hadoop.hbase.security.token.TokenUtil_java,5,191
org.apache.hadoop.hbase.mapreduce.TableInputFormat_java,4,197
org.apache.hadoop.hbase.HBaseTestingUtility_java,4,197
org.apache.hadoop.hbase.rest.model.StorageClusterVersionModel_java,4,197
org.apache.hadoop.hbase.client.AsyncRpcRetryingCallerFactory_java,4,197
org.apache.hadoop.hbase.io.FileLink_java,4,197
org.apache.hadoop.hbase.DistributedHBaseCluster_java,4,197
org.apache.hadoop.hbase.master.DeadServer_java,4,197
org.apache.hadoop.hbase.thrift.IncrementCoalescer_java,4,197
org.apache.hadoop.hbase.master.MasterServices_java,4,197
org.apache.hadoop.hbase.ServerName_java,4,197
org.apache.hadoop.hbase.client.RetriesExhaustedWithDetailsException_java,4,197
org.apache.hadoop.hbase.security.visibility.ExpAsStringVisibilityLabelServiceImpl_java,4,197
org.apache.hadoop.hbase.regionserver.Chunk_java,4,197
org.apache.hadoop.hbase.coordination.SplitLogManagerCoordination_java,4,197
org.apache.hadoop.hbase.rest.ScannerResultGenerator_java,4,197
org.apache.hadoop.hbase.ipc.RpcServer_java,4,197
org.apache.hadoop.hbase.rest.RowResultGenerator_java,4,197
org.apache.hadoop.hbase.ClusterStatus_java,4,197
org.apache.hadoop.hbase.regionserver.CellChunkImmutableSegment_java,4,197
org.apache.hadoop.hbase.regionserver.AnnotationReadingPriorityFunction_java,4,197
org.apache.hadoop.hbase.client.ReversedScannerCallable_java,4,197
org.apache.hadoop.hbase.regionserver.StoreFileInfo_java,4,197
org.apache.hadoop.hbase.master.balancer.FavoredStochasticBalancer_java,4,197
org.apache.hadoop.hbase.master.SplitLogManager_java,4,197
org.apache.hadoop.hbase.MiniHBaseCluster_java,4,197
org.apache.hadoop.hbase.io.hfile.FixedFileTrailer_java,4,197
org.apache.hadoop.hbase.regionserver.MemStoreFlusher_java,4,197
org.apache.hadoop.hbase.rest.ScannerInstanceResource_java,3,224
org.apache.hadoop.hbase.replication.regionserver.DumpReplicationQueues_java,3,224
org.apache.hadoop.hbase.regionserver.MetricsRegionSourceImpl_java,3,224
org.apache.hadoop.hbase.mapred.GroupingTableMap_java,3,224
org.apache.hadoop.hbase.favored.FavoredNodeAssignmentHelper_java,3,224
org.apache.hadoop.hbase.rest.model.CellModel_java,3,224
org.apache.hadoop.hbase.master.balancer.BaseLoadBalancer_java,3,224
org.apache.hadoop.hbase.master.TableStateManager_java,3,224
org.apache.hadoop.hbase.master.LoadBalancer_java,3,224
org.apache.hadoop.hbase.ipc.RpcScheduler_java,3,224
org.apache.hadoop.hbase.mapreduce.GroupingTableMapper_java,3,224
org.apache.hadoop.hbase.regionserver.Region_java,3,224
org.apache.hadoop.hbase.regionserver.MetricsRegionServerSourceImpl_java,2,236
org.apache.hadoop.hbase.util.LoadTestDataGeneratorWithMOB_java,2,236
org.apache.hadoop.hbase.regionserver.OnheapChunk_java,2,236
org.apache.hadoop.hbase.regionserver.CellArrayImmutableSegment_java,2,236
org.apache.hadoop.hbase.metrics.MetricRegistryInfo_java,2,236
org.apache.hadoop.hbase.quotas.SpaceLimitingException_java,2,236
org.apache.hadoop.hbase.client.AsyncTableRegionLocatorImpl_java,2,236
org.apache.hadoop.hbase.regionserver.handler.OpenRegionHandler_java,2,236
org.apache.hadoop.hbase.mob.DefaultMobStoreFlusher_java,2,236
org.apache.hadoop.hbase.favored.FavoredNodeLoadBalancer_java,2,236
org.apache.hadoop.hbase.client.ClientIdGenerator_java,2,236
org.apache.hadoop.hbase.favored.FavoredNodesPlan_java,2,236
org.apache.hadoop.hbase.favored.FavoredNodesManager_java,2,236
org.apache.hadoop.hbase.master.ActiveMasterManager_java,2,236
org.apache.hadoop.hbase.IntegrationTestLazyCfLoading_java,2,236
org.apache.hadoop.hbase.rsgroup.RSGroupAdminEndpoint_java,2,236
org.apache.hadoop.hbase.client.ColumnFamilyDescriptor_java,2,236
org.apache.hadoop.hbase.chaos.policies.PeriodicRandomActionPolicy_java,2,236
org.apache.hadoop.hbase.regionserver.OffheapChunk_java,2,236
org.apache.hadoop.hbase.ipc.BlockingRpcConnection_java,2,236
org.apache.hadoop.hbase.wal.IOTestProvider_java,2,236
org.apache.hadoop.hbase.rest.client.RemoteHTable_java,2,236
org.apache.hadoop.hbase.HBaseTestCase_java,2,236
org.apache.hadoop.hbase.master.assignment.MergeTableRegionsProcedure_java,2,236
org.apache.hadoop.hbase.wal.AbstractFSWALProvider_java,2,236
org.apache.hadoop.hbase.filter.ColumnPaginationFilter_java,2,236
org.apache.hadoop.hbase.master.balancer.RegionLocationFinder_java,2,236
org.apache.hadoop.hbase.StripeCompactionsPerformanceEvaluation_java,2,236
org.apache.hadoop.hbase.regionserver.CellArrayMap_java,2,236
org.apache.hadoop.hbase.regionserver.StorefileRefresherChore_java,2,236
org.apache.hadoop.hbase.backup.HFileArchiver_java,2,236
org.apache.hadoop.hbase.util.BaseTestHBaseFsck_java,2,236
org.apache.hadoop.hbase.chaos.policies.DoActionsOncePolicy_java,2,236
org.apache.hadoop.hbase.regionserver.RegionServerServices_java,2,236
org.apache.hadoop.hbase.client.HTable_java,2,236
org.apache.hadoop.hbase.regionserver.StoreFlusher_java,2,236
org.apache.hadoop.hbase.zookeeper.DeletionListener_java,2,236
org.apache.hadoop.hbase.wal.RegionGroupingProvider_java,2,236
org.apache.hadoop.hbase.util.RegionSplitter_java,2,236
org.apache.hadoop.hbase.chaos.factories.MonkeyConstants_java,2,236
org.apache.hadoop.hbase.client.AsyncTableResultScanner_java,1,276
org.apache.hadoop.hbase.rest.Constants_java,1,276
org.apache.hadoop.hbase.util.MultiThreadedAction_java,1,276
org.apache.hadoop.hbase.master.procedure.MasterProcedureTestingUtility_java,1,276
