file,bugChurn,rank
org.apache.cassandra.thrift.Cassandra_java,1258,1
org.apache.cassandra.hadoop.HadoopCompat_java,618,2
org.apache.cassandra.service.StorageService_java,583,3
org.apache.cassandra.thrift.TriggerDef_java,581,4
org.apache.cassandra.service.StorageProxy_java,437,5
org.apache.cassandra.io.sstable.IndexSummaryManager_java,434,6
org.apache.cassandra.cql3.statements.SelectStatement_java,431,7
org.apache.cassandra.service.AbstractReadExecutor_java,347,8
org.apache.cassandra.config.CFMetaData_java,321,9
org.apache.cassandra.db.ColumnFamilyStore_java,291,10
org.apache.cassandra.thrift.CfDef_java,270,11
org.apache.cassandra.db.Directories_java,264,12
org.apache.cassandra.cql3.QueryOptions_java,264,12
org.apache.cassandra.utils.ConcurrentBiMap_java,262,14
org.apache.cassandra.service.pager.AbstractQueryPager_java,244,15
org.apache.cassandra.cql3.statements.ModificationStatement_java,239,16
org.apache.cassandra.db.RangeTombstoneList_java,236,17
org.apache.cassandra.locator.TokenMetadata_java,207,18
org.apache.cassandra.cql3.QueryProcessor_java,202,19
org.apache.cassandra.transport.Frame_java,202,19
org.apache.cassandra.gms.Gossiper_java,199,21
org.apache.cassandra.net.MessagingService_java,198,22
org.apache.cassandra.streaming.management.SessionInfoCompositeData_java,163,23
org.apache.cassandra.tools.BulkLoader_java,162,24
org.apache.cassandra.transport.messages.QueryMessage_java,157,25
org.apache.cassandra.tools.NodeTool_java,156,26
org.apache.cassandra.db.compaction.CompactionManager_java,153,27
org.apache.cassandra.transport.messages.ExecuteMessage_java,153,27
org.apache.cassandra.io.sstable.IndexSummaryBuilder_java,152,29
org.apache.cassandra.io.sstable.Downsampling_java,150,30
org.apache.cassandra.db.compaction.Scrubber_java,147,31
org.apache.cassandra.tools.NodeProbe_java,146,32
org.apache.cassandra.io.sstable.IndexSummary_java,140,33
org.apache.cassandra.db.SystemKeyspace_java,138,34
org.apache.cassandra.config.DatabaseDescriptor_java,134,35
org.apache.cassandra.io.util.Memory_java,123,36
org.apache.cassandra.service.MigrationManager_java,122,37
org.apache.cassandra.gms.FailureDetector_java,119,38
org.apache.cassandra.streaming.ConnectionHandler_java,117,39
org.apache.cassandra.db.DeletionInfo_java,111,40
org.apache.cassandra.thrift.CassandraServer_java,108,41
org.apache.cassandra.locator.AbstractReplicationStrategy_java,108,41
org.apache.cassandra.db.ConsistencyLevel_java,105,43
org.apache.cassandra.locator.GossipingPropertyFileSnitch_java,104,44
org.apache.cassandra.streaming.management.ProgressInfoCompositeData_java,103,45
org.apache.cassandra.streaming.management.StreamStateCompositeData_java,102,46
org.apache.cassandra.thrift.CqlMetadata_java,96,47
org.apache.cassandra.streaming.messages.OutgoingFileMessage_java,92,48
org.apache.cassandra.service.pager.MultiPartitionPager_java,89,49
org.apache.cassandra.cql3.Maps_java,88,50
org.apache.cassandra.thrift.KsDef_java,84,51
org.apache.cassandra.streaming.management.StreamSummaryCompositeData_java,82,52
org.apache.cassandra.cql3.Lists_java,80,53
org.apache.cassandra.streaming.messages.IncomingFileMessage_java,78,54
org.apache.cassandra.streaming.management.StreamEventJMXNotifier_java,78,54
org.apache.cassandra.cql3.Sets_java,75,56
org.apache.cassandra.stress.Operation_java,74,57
org.apache.cassandra.net.AsyncOneResponse_java,72,58
org.apache.cassandra.streaming.StreamReceiveTask_java,72,58
org.apache.cassandra.streaming.management.SessionCompleteEventCompositeData_java,71,60
org.apache.cassandra.metrics.DefaultNameFactory_java,71,60
org.apache.cassandra.service.CassandraDaemon_java,70,62
org.apache.cassandra.db.compaction.CompactionController_java,70,62
org.apache.cassandra.hadoop.cql3.CqlRecordWriter_java,69,64
org.apache.cassandra.io.util.FileUtils_java,67,65
org.apache.cassandra.db.compaction.LeveledManifest_java,64,66
org.apache.cassandra.thrift.CqlPreparedResult_java,64,66
org.apache.cassandra.cql3.statements.AlterTableStatement_java,59,68
org.apache.cassandra.streaming.messages.ReceivedMessage_java,57,69
org.apache.cassandra.db.marshal.CompositeType_java,55,70
org.apache.cassandra.service.paxos.ProposeCallback_java,54,71
org.apache.cassandra.streaming.StreamSession_java,53,72
org.apache.cassandra.cql3.VariableSpecifications_java,52,73
org.apache.cassandra.thrift.ThriftValidation_java,51,74
org.apache.cassandra.io.sstable.IndexSummaryManagerMBean_java,48,75
org.apache.cassandra.transport.RequestThreadPoolExecutor_java,46,76
org.apache.cassandra.tracing.Tracing_java,45,77
org.apache.cassandra.db.commitlog.CommitLogReplayer_java,45,77
org.apache.cassandra.cache.AutoSavingCache_java,45,77
org.apache.cassandra.streaming.messages.StreamMessage_java,44,80
org.apache.cassandra.config.YamlConfigurationLoader_java,43,81
org.apache.cassandra.db.ColumnIndex_java,43,81
org.apache.cassandra.locator.DynamicEndpointSnitch_java,43,81
org.apache.cassandra.db.HintedHandOffManager_java,42,84
org.apache.cassandra.db.commitlog.CommitLogSegment_java,40,85
org.apache.cassandra.metrics.ReadRepairMetrics_java,40,85
org.apache.cassandra.streaming.StreamManager_java,40,85
org.apache.cassandra.db.marshal.CollectionType_java,38,88
org.apache.cassandra.cache.CacheKey_java,38,88
org.apache.cassandra.thrift.CqlRow_java,36,90
org.apache.cassandra.streaming.StreamReader_java,36,90
org.apache.cassandra.thrift.CqlResult_java,36,90
org.apache.cassandra.db.marshal.MapType_java,36,90
org.apache.cassandra.tools.SSTableMetadataViewer_java,36,90
org.apache.cassandra.cql3.statements.BatchStatement_java,36,90
org.apache.cassandra.db.marshal.ListType_java,35,96
org.apache.cassandra.service.paxos.PaxosState_java,35,96
org.apache.cassandra.cql3.Term_java,34,98
org.apache.cassandra.transport.Message_java,34,98
org.apache.cassandra.SchemaLoader_java,33,100
org.apache.cassandra.service.paxos.PrepareCallback_java,32,101
org.apache.cassandra.transport.messages.ResultMessage_java,32,101
org.apache.cassandra.stress.settings.Command_java,32,101
org.apache.cassandra.metrics.ConnectionMetrics_java,32,101
org.apache.cassandra.net.OutboundTcpConnection_java,31,105
org.apache.cassandra.cql3.ResultSet_java,31,105
org.apache.cassandra.utils.EstimatedHistogram_java,31,105
org.apache.cassandra.metrics.LatencyMetrics_java,30,108
org.apache.cassandra.net.WriteCallbackInfo_java,30,108
org.apache.cassandra.triggers.TriggerExecutor_java,29,110
org.apache.cassandra.stress.StressAction_java,27,111
org.apache.cassandra.cql3.statements.UpdateStatement_java,27,111
org.apache.cassandra.io.sstable.Descriptor_java,27,111
org.apache.cassandra.thrift.CustomTThreadPoolServer_java,27,111
org.apache.cassandra.utils.AlwaysPresentFilter_java,24,115
org.apache.cassandra.db.compaction.SizeTieredCompactionStrategy_java,23,116
org.apache.cassandra.cache.KeyCacheKey_java,22,117
org.apache.cassandra.db.Memtable_java,22,117
org.apache.cassandra.cql3.statements.CreateTriggerStatement_java,22,117
org.apache.cassandra.service.ReadCallback_java,21,120
org.apache.cassandra.utils.obs.OffHeapBitSet_java,20,121
org.apache.cassandra.config.Schema_java,20,121
org.apache.cassandra.transport.Connection_java,19,123
org.apache.cassandra.cql3.functions.FunctionCall_java,19,123
org.apache.cassandra.transport.SimpleClient_java,19,123
org.apache.cassandra.db.DeletionTime_java,18,126
org.apache.cassandra.metrics.CacheMetrics_java,18,126
org.apache.cassandra.streaming.StreamTransferTask_java,18,126
org.apache.cassandra.config.ColumnDefinition_java,18,126
org.apache.cassandra.streaming.compress.CompressedStreamReader_java,17,130
org.apache.cassandra.net.CallbackInfo_java,17,130
org.apache.cassandra.utils.FBUtilities_java,17,130
org.apache.cassandra.db.commitlog.CommitLogArchiver_java,16,133
org.apache.cassandra.db.ColumnFamilyStoreMBean_java,16,133
org.apache.cassandra.cql3.statements.DropTriggerStatement_java,16,133
org.apache.cassandra.tracing.TraceState_java,16,133
org.apache.cassandra.transport.Server_java,15,137
org.apache.cassandra.tools.StandaloneScrubber_java,15,137
org.apache.cassandra.cql3.UpdateParameters_java,15,137
org.apache.cassandra.cql3.statements.ParsedStatement_java,15,137
org.apache.cassandra.tools.SSTableLevelResetter_java,14,141
org.apache.cassandra.db.marshal.AbstractType_java,14,141
org.apache.cassandra.stress.util.SmartThriftClient_java,14,141
org.apache.cassandra.cql3.UntypedResultSet_java,14,141
org.apache.cassandra.transport.ServerConnection_java,14,141
org.apache.cassandra.metrics.StreamingMetrics_java,13,146
org.apache.cassandra.db.DataRange_java,13,146
org.apache.cassandra.service.CacheService_java,12,148
org.apache.cassandra.service.paxos.PrepareResponse_java,12,148
org.apache.cassandra.service.StorageServiceMBean_java,12,148
org.apache.cassandra.gms.GossipDigestAckVerbHandler_java,12,148
org.apache.cassandra.metrics.CompactionMetrics_java,12,148
org.apache.cassandra.streaming.StreamPlan_java,11,153
org.apache.cassandra.metrics.StorageMetrics_java,11,153
org.apache.cassandra.db.commitlog.CommitLogDescriptor_java,11,153
org.apache.cassandra.auth.CassandraAuthorizer_java,11,153
org.apache.cassandra.metrics.HintedHandoffMetrics_java,11,153
org.apache.cassandra.cql3.statements.DeleteStatement_java,11,153
org.apache.cassandra.net.IncomingTcpConnection_java,11,153
org.apache.cassandra.cql3.CQLStatement_java,11,153
org.apache.cassandra.locator.SnitchProperties_java,10,161
org.apache.cassandra.service.paxos.Commit_java,10,161
org.apache.cassandra.net.MessageDeliveryTask_java,10,161
org.apache.cassandra.io.sstable.CQLSSTableWriter_java,10,161
org.apache.cassandra.cql3.statements.DropTableStatement_java,10,161
org.apache.cassandra.streaming.StreamResultFuture_java,10,161
org.apache.cassandra.config.Config_java,10,161
org.apache.cassandra.metrics.ClientRequestMetrics_java,10,161
org.apache.cassandra.metrics.CommitLogMetrics_java,10,161
org.apache.cassandra.io.sstable.SSTableLoader_java,9,170
org.apache.cassandra.auth.PasswordAuthenticator_java,9,170
org.apache.cassandra.cql3.AbstractMarker_java,9,170
org.apache.cassandra.stress.settings.StressSettings_java,8,173
org.apache.cassandra.streaming.SessionInfo_java,8,173
org.apache.cassandra.db.marshal.SetType_java,8,173
org.apache.cassandra.cql3.statements.UseStatement_java,8,173
org.apache.cassandra.utils.IFilter_java,8,173
org.apache.cassandra.thrift.AuthenticationRequest_java,8,173
org.apache.cassandra.thrift.ColumnDef_java,8,173
org.apache.cassandra.cql3.statements.SchemaAlteringStatement_java,8,173
org.apache.cassandra.utils.ByteBufferUtil_java,8,173
org.apache.cassandra.thrift.ThriftServer_java,8,173
org.apache.cassandra.streaming.StreamWriter_java,8,173
org.apache.cassandra.utils.FilterFactory_java,8,173
org.apache.cassandra.stress.settings.SettingsCommand_java,8,173
org.apache.cassandra.dht.BootStrapper_java,8,173
org.apache.cassandra.metrics.DroppedMessageMetrics_java,7,187
org.apache.cassandra.cql3.statements.TruncateStatement_java,7,187
org.apache.cassandra.db.marshal.BytesType_java,7,187
org.apache.cassandra.db.marshal.DateType_java,7,187
org.apache.cassandra.io.util.RandomAccessReader_java,7,187
org.apache.cassandra.cql3.ColumnCondition_java,7,187
org.apache.cassandra.db.marshal.BooleanType_java,7,187
org.apache.cassandra.cql3.functions.TokenFct_java,7,187
org.apache.cassandra.io.compress.CompressionMetadata_java,7,187
org.apache.cassandra.config.EncryptionOptions_java,6,196
org.apache.cassandra.db.Keyspace_java,6,196
org.apache.cassandra.thrift.THsHaDisruptorServer_java,6,196
org.apache.cassandra.utils.obs.OpenBitSet_java,6,196
org.apache.cassandra.db.marshal.TimestampType_java,6,196
org.apache.cassandra.Util_java,6,196
org.apache.cassandra.db.compaction.CompactionTask_java,6,196
org.apache.cassandra.hadoop.cql3.CqlOutputFormat_java,6,196
org.apache.cassandra.service.paxos.AbstractPaxosCallback_java,6,196
org.apache.cassandra.streaming.StreamManagerMBean_java,6,196
org.apache.cassandra.transport.Client_java,6,196
org.apache.cassandra.db.RangeTombstone_java,6,196
org.apache.cassandra.transport.messages.AuthSuccess_java,5,208
org.apache.cassandra.stress.settings.SettingsMisc_java,5,208
org.apache.cassandra.cache.RowCacheKey_java,5,208
org.apache.cassandra.service.pager.QueryPagers_java,5,208
org.apache.cassandra.transport.messages.AuthChallenge_java,5,208
org.apache.cassandra.tools.SSTableExport_java,5,208
org.apache.cassandra.thrift.ConsistencyLevel_java,5,208
org.apache.cassandra.service.SnapshotVerbHandler_java,5,208
org.apache.cassandra.cql3.statements.CreateIndexStatement_java,5,208
org.apache.cassandra.transport.messages.AuthResponse_java,5,208
org.apache.cassandra.transport.messages.RegisterMessage_java,4,218
org.apache.cassandra.db.compaction.Upgrader_java,4,218
org.apache.cassandra.transport.messages.BatchMessage_java,4,218
org.apache.cassandra.db.compaction.SSTableSplitter_java,4,218
org.apache.cassandra.transport.messages.CredentialsMessage_java,4,218
org.apache.cassandra.io.util.SequentialWriter_java,4,218
org.apache.cassandra.cql3.statements.AlterTypeStatement_java,4,218
org.apache.cassandra.transport.messages.ReadyMessage_java,4,218
org.apache.cassandra.transport.messages.PrepareMessage_java,4,218
org.apache.cassandra.transport.messages.AuthenticateMessage_java,4,218
org.apache.cassandra.utils.concurrent.WaitQueue_java,4,218
org.apache.cassandra.thrift.TCustomServerSocket_java,4,218
org.apache.cassandra.transport.messages.EventMessage_java,4,218
org.apache.cassandra.transport.messages.SupportedMessage_java,4,218
org.apache.cassandra.cql3.Operation_java,4,218
org.apache.cassandra.transport.messages.StartupMessage_java,4,218
org.apache.cassandra.dht.OrderPreservingPartitioner_java,4,218
org.apache.cassandra.transport.messages.OptionsMessage_java,4,218
org.apache.cassandra.transport.messages.ErrorMessage_java,4,218
org.apache.cassandra.io.compress.CompressedSequentialWriter_java,4,218
org.apache.cassandra.service.pager.SinglePartitionPager_java,3,238
org.apache.cassandra.gms.GossipDigestSynVerbHandler_java,3,238
org.apache.cassandra.cql3.statements.AuthorizationStatement_java,3,238
org.apache.cassandra.db.marshal.ColumnToCollectionType_java,3,238
org.apache.cassandra.cql3.statements.AuthenticationStatement_java,3,238
org.apache.cassandra.stress.settings.SettingsRate_java,2,243
org.apache.cassandra.scheduler.WeightedQueue_java,2,243
org.apache.cassandra.db.compaction.AbstractCompactionStrategy_java,2,243
org.apache.cassandra.service.AbstractWriteResponseHandler_java,2,243
org.apache.cassandra.stress.settings.OptionDistribution_java,2,243
org.apache.cassandra.service.ClientState_java,2,243
org.apache.cassandra.locator.Ec2Snitch_java,2,243
org.apache.cassandra.io.sstable.SSTable_java,2,243
org.apache.cassandra.db.commitlog.AbstractCommitLogService_java,2,243
org.apache.cassandra.db.compaction.LeveledCompactionStrategy_java,2,243
org.apache.cassandra.locator.PropertyFileSnitch_java,2,243
org.apache.cassandra.io.sstable.SSTableIdentityIterator_java,2,243
org.apache.cassandra.cql3.Attributes_java,2,243
org.apache.cassandra.service.pager.PagingState_java,1,256
org.apache.cassandra.cql3.statements.CreateTableStatement_java,1,256
org.apache.cassandra.thrift.TServerFactory_java,1,256
org.apache.cassandra.thrift.ThriftConversion_java,1,256
