file,bugChurn,rank
org.apache.accumulo.core.master.thrift.MasterClientService_java,9946,1
org.apache.accumulo.core.master.thrift.FateService_java,5017,2
org.apache.accumulo.core.client.mapreduce.InputFormatBase_java,1960,3
org.apache.accumulo.core.client.mapreduce.AbstractInputFormat_java,1430,4
org.apache.accumulo.core.client.mapreduce.RangeInputSplit_java,1215,5
org.apache.accumulo.master.Master_java,923,6
org.apache.accumulo.core.client.mapred.RangeInputSplit_java,803,7
org.apache.accumulo.core.client.mapred.InputFormatBase_java,605,8
org.apache.accumulo.core.client.mapreduce.lib.util.InputConfigurator_java,533,9
org.apache.accumulo.master.FateServiceHandler_java,509,10
org.apache.accumulo.master.MasterClientServiceHandler_java,485,11
org.apache.accumulo.server.security.SecurityOperation_java,351,12
org.apache.accumulo.core.client.ZooKeeperInstance_java,332,13
org.apache.accumulo.start.classloader.vfs.AccumuloVFSClassLoader_java,253,14
org.apache.accumulo.core.client.impl.ThriftTransportPool_java,216,15
org.apache.accumulo.server.Accumulo_java,214,16
org.apache.accumulo.server.util.RemoveEntriesForMissingFiles_java,213,17
org.apache.accumulo.minicluster.MiniAccumuloCluster_java,210,18
org.apache.accumulo.core.security.crypto.NonCachingSecretKeyEncryptionStrategy_java,188,19
org.apache.accumulo.core.conf.Property_java,184,20
org.apache.accumulo.core.security.crypto.BlockedInputStream_java,174,21
org.apache.accumulo.server.watcher.MonitorLog4jWatcher_java,168,22
org.apache.accumulo.core.client.ClientConfiguration_java,166,23
org.apache.accumulo.core.client.mapreduce.lib.util.ConfiguratorBase_java,161,24
org.apache.accumulo.core.client.mapred.AbstractInputFormat_java,151,25
org.apache.accumulo.core.security.crypto.CryptoModuleFactory_java,144,26
org.apache.accumulo.tserver.TabletServer_java,137,27
org.apache.accumulo.tserver.log.TabletServerLogger_java,132,28
org.apache.accumulo.server.master.LiveTServerSet_java,132,28
org.apache.accumulo.server.util.FileUtil_java,124,30
org.apache.accumulo.core.util.CreateToken_java,117,31
org.apache.accumulo.core.data.Range_java,116,32
org.apache.accumulo.core.security.crypto.BlockedOutputStream_java,104,33
org.apache.accumulo.server.util.FindOfflineTablets_java,104,33
org.apache.accumulo.core.master.thrift.FateOperation_java,103,35
org.apache.accumulo.server.init.Initialize_java,102,36
org.apache.accumulo.server.util.Admin_java,100,37
org.apache.accumulo.core.client.impl.Tables_java,98,38
org.apache.accumulo.server.monitor.LogService_java,96,39
org.apache.accumulo.server.client.HdfsZooInstance_java,92,40
org.apache.accumulo.core.client.impl.MasterClient_java,89,41
org.apache.accumulo.server.util.ListInstances_java,88,42
org.apache.accumulo.master.TabletGroupWatcher_java,87,43
org.apache.accumulo.core.security.ColumnVisibility_java,85,44
org.apache.accumulo.core.client.Instance_java,84,45
org.apache.accumulo.tserver.TabletServerResourceManager_java,83,46
org.apache.accumulo.core.iterators.IteratorUtil_java,80,47
org.apache.accumulo.core.util.AddressUtil_java,76,48
org.apache.accumulo.fate.Fate_java,75,49
org.apache.accumulo.server.client.ClientServiceHandler_java,73,50
org.apache.accumulo.core.util.CleanUp_java,67,51
org.apache.accumulo.server.security.AuditedSecurityOperation_java,66,52
org.apache.accumulo.server.util.RestoreZookeeper_java,64,53
org.apache.accumulo.core.client.mapreduce.AccumuloOutputFormat_java,64,53
org.apache.accumulo.server.fs.VolumeManagerImpl_java,59,55
org.apache.accumulo.core.client.impl.ConnectorImpl_java,58,56
org.apache.accumulo.core.client.mock.MockInstance_java,55,57
org.apache.accumulo.tserver.log.DfsLogger_java,54,58
org.apache.accumulo.server.master.state.TServerInstance_java,52,59
org.apache.accumulo.server.conf.TableConfiguration_java,49,60
org.apache.accumulo.start.Main_java,46,61
org.apache.accumulo.server.util.MetadataTableUtil_java,45,62
org.apache.accumulo.core.file.blockfile.impl.CachableBlockFile_java,45,62
org.apache.accumulo.core.conf.AccumuloConfiguration_java,43,64
org.apache.accumulo.fate.zookeeper.ZooSession_java,43,64
org.apache.accumulo.gc.SimpleGarbageCollector_java,41,66
org.apache.accumulo.start.classloader.vfs.UniqueFileReplicator_java,39,67
org.apache.accumulo.core.util.ServerServices_java,38,68
org.apache.accumulo.core.client.impl.Translators_java,37,69
org.apache.accumulo.server.util.Info_java,35,70
org.apache.accumulo.server.fs.FileRef_java,34,71
org.apache.accumulo.core.client.impl.Namespaces_java,33,72
org.apache.accumulo.server.conf.ZooConfiguration_java,32,73
org.apache.accumulo.core.security.crypto.NoFlushOutputStream_java,31,74
org.apache.accumulo.core.conf.DefaultConfiguration_java,30,75
org.apache.accumulo.core.security.crypto.DefaultCryptoModule_java,30,75
org.apache.accumulo.monitor.util.celltypes.TableLinkType_java,29,77
org.apache.accumulo.server.master.state.MetaDataTableScanner_java,29,77
org.apache.accumulo.core.client.impl.TabletServerBatchReaderIterator_java,29,77
org.apache.accumulo.core.file.rfile.bcfile.BCFile_java,29,77
org.apache.accumulo.core.conf.SiteConfiguration_java,28,81
org.apache.accumulo.server.client.BulkImporter_java,27,82
org.apache.accumulo.core.client.mapreduce.AccumuloInputFormat_java,27,82
org.apache.accumulo.core.security.AuthorizationContainer_java,26,84
org.apache.accumulo.monitor.Monitor_java,26,84
org.apache.accumulo.server.master.state.ClosableIterator_java,23,86
org.apache.accumulo.core.client.security.tokens.AuthenticationToken_java,22,87
org.apache.accumulo.fate.zookeeper.ZooLock_java,22,87
org.apache.accumulo.core.security.crypto.CryptoModuleParameters_java,22,87
org.apache.accumulo.proxy.ProxyServer_java,22,87
org.apache.accumulo.server.conf.ServerConfiguration_java,21,91
org.apache.accumulo.core.client.TableNotFoundException_java,21,91
org.apache.accumulo.core.client.mapred.AccumuloOutputFormat_java,20,93
org.apache.accumulo.core.security.VisibilityEvaluator_java,20,93
org.apache.accumulo.master.tableOps.CloneTable_java,20,93
org.apache.accumulo.master.tableOps.CompactRange_java,19,96
org.apache.accumulo.server.zookeeper.ZooReaderWriter_java,18,97
org.apache.accumulo.core.cli.ClientOpts_java,18,97
org.apache.accumulo.proxy.Proxy_java,18,97
org.apache.accumulo.core.Constants_java,18,97
org.apache.accumulo.minicluster.impl.MiniAccumuloConfigImpl_java,17,101
org.apache.accumulo.server.problems.ProblemReports_java,16,102
org.apache.accumulo.core.client.impl.TabletServerBatchWriter_java,16,102
org.apache.accumulo.server.master.state.TabletLocationState_java,16,102
org.apache.accumulo.tserver.log.SortedLogRecovery_java,15,105
org.apache.accumulo.core.client.impl.OfflineScanner_java,15,105
org.apache.accumulo.core.data.Mutation_java,15,105
org.apache.accumulo.core.file.BloomFilterLayer_java,14,108
org.apache.accumulo.core.cli.Help_java,14,108
org.apache.accumulo.core.client.mock.MockConnector_java,14,108
org.apache.accumulo.server.util.VerifyTabletAssignments_java,14,108
org.apache.accumulo.core.cli.ClientOnRequiredTable_java,13,112
org.apache.accumulo.core.data.Key_java,13,112
org.apache.accumulo.maven.plugin.AbstractAccumuloMojo_java,13,112
org.apache.accumulo.start.classloader.AccumuloClassLoader_java,13,112
org.apache.accumulo.core.client.mock.MockTable_java,12,116
org.apache.accumulo.core.client.impl.ThriftTransportKey_java,12,116
org.apache.accumulo.server.ServerConstants_java,12,116
org.apache.accumulo.core.client.mock.MockTableOperations_java,12,116
org.apache.accumulo.server.security.handler.ZKAuthorizor_java,12,116
org.apache.accumulo.server.master.state.DeadServerList_java,11,121
org.apache.accumulo.core.client.mock.MockConfiguration_java,11,121
org.apache.accumulo.core.client.impl.thrift.TableOperationExceptionType_java,11,121
org.apache.accumulo.core.client.impl.ServerClient_java,11,121
org.apache.accumulo.master.tableOps.ImportTable_java,10,125
org.apache.accumulo.core.file.rfile.SplitLarge_java,10,125
org.apache.accumulo.server.master.state.ZooTabletStateStore_java,10,125
org.apache.accumulo.core.file.FileOperations_java,10,125
org.apache.accumulo.server.tables.TableManager_java,10,125
org.apache.accumulo.monitor.servlets.BasicServlet_java,10,125
org.apache.accumulo.core.file.rfile.bcfile.PrintInfo_java,9,131
org.apache.accumulo.gc.GarbageCollectWriteAheadLogs_java,9,131
org.apache.accumulo.core.conf.ConfigurationCopy_java,9,131
org.apache.accumulo.core.client.impl.Translator_java,9,131
org.apache.accumulo.core.client.mock.MockBatchWriter_java,9,131
org.apache.accumulo.server.util.TabletServerLocks_java,9,131
org.apache.accumulo.server.security.handler.Authorizor_java,8,137
org.apache.accumulo.server.security.SystemCredentials_java,8,137
org.apache.accumulo.server.security.SecurityUtil_java,8,137
org.apache.accumulo.monitor.servlets.OperationServlet_java,8,137
org.apache.accumulo.core.iterators.user.IndexedDocIterator_java,8,137
org.apache.accumulo.core.metadata.MetadataLocationObtainer_java,7,142
org.apache.accumulo.core.zookeeper.ZooUtil_java,7,142
org.apache.accumulo.fate.zookeeper.ZooCache_java,7,142
org.apache.accumulo.core.file.rfile.PrintInfo_java,7,142
org.apache.accumulo.server.metrics.MetricsConfiguration_java,6,146
org.apache.accumulo.core.data.Value_java,6,146
org.apache.accumulo.master.tableOps.DeleteTable_java,6,146
org.apache.accumulo.core.iterators.SortedMapIterator_java,6,146
org.apache.accumulo.core.iterators.DevNull_java,6,146
org.apache.accumulo.proxy.thrift.Key_java,6,146
org.apache.accumulo.server.security.handler.ZKPermHandler_java,6,146
org.apache.accumulo.server.master.state.RootTabletStateStore_java,6,146
org.apache.accumulo.minicluster.impl.MiniAccumuloClusterImpl_java,6,146
org.apache.accumulo.core.client.impl.ConditionalWriterImpl_java,6,146
org.apache.accumulo.monitor.servlets.MasterServlet_java,6,146
org.apache.accumulo.core.file.rfile.RFileOperations_java,6,146
org.apache.accumulo.core.client.mock.MockAccumulo_java,6,146
org.apache.accumulo.monitor.servlets.ProblemServlet_java,6,146
org.apache.accumulo.tserver.logger.LogReader_java,5,160
org.apache.accumulo.fate.zookeeper.IZooReaderWriter_java,5,160
org.apache.accumulo.core.client.admin.TableOperations_java,5,160
org.apache.accumulo.master.tableOps.RenameTable_java,5,160
org.apache.accumulo.server.master.balancer.TableLoadBalancer_java,5,160
org.apache.accumulo.server.conf.NamespaceConfiguration_java,5,160
org.apache.accumulo.server.zookeeper.ZooLock_java,5,160
org.apache.accumulo.server.security.handler.ZKAuthenticator_java,5,160
org.apache.accumulo.minicluster.MiniAccumuloConfig_java,4,168
org.apache.accumulo.server.util.DumpZookeeper_java,4,168
org.apache.accumulo.master.tableOps.CreateTable_java,4,168
org.apache.accumulo.fate.zookeeper.ZooReader_java,4,168
org.apache.accumulo.server.master.state.TabletStateChangeIterator_java,4,168
org.apache.accumulo.core.constraints.Constraint_java,4,168
org.apache.accumulo.master.tableOps.Utils_java,4,168
org.apache.accumulo.core.metadata.MetadataTable_java,4,168
org.apache.accumulo.master.tableOps.TableRangeOp_java,4,168
org.apache.accumulo.core.client.impl.ThriftScanner_java,4,168
org.apache.accumulo.core.metadata.RootTable_java,4,168
org.apache.accumulo.fate.zookeeper.ZooReaderWriter_java,4,168
org.apache.accumulo.core.client.mapreduce.AccumuloFileOutputFormat_java,4,168
org.apache.accumulo.core.client.security.tokens.PasswordToken_java,4,168
org.apache.accumulo.core.iterators.system.VisibilityFilter_java,4,168
org.apache.accumulo.server.master.balancer.DefaultLoadBalancer_java,3,183
org.apache.accumulo.core.file.rfile.CreateCompatTestFile_java,3,183
org.apache.accumulo.master.tableOps.RenameNamespace_java,3,183
org.apache.accumulo.server.master.state.MetaDataStateStore_java,3,183
org.apache.accumulo.server.master.state.TabletStateStore_java,3,183
org.apache.accumulo.core.client.AccumuloSecurityException_java,3,183
org.apache.accumulo.core.security.crypto.CachingHDFSSecretKeyEncryptionStrategy_java,3,183
org.apache.accumulo.master.state.SetGoalState_java,3,183
org.apache.accumulo.core.security.Authorizations_java,3,183
org.apache.accumulo.master.tableOps.ChangeTableState_java,2,192
org.apache.accumulo.server.zookeeper.DistributedWorkQueue_java,2,192
org.apache.accumulo.core.util.NumUtil_java,2,192
org.apache.accumulo.minicluster.MiniAccumuloRunner_java,2,192
org.apache.accumulo.tracer.TraceServer_java,2,192
org.apache.accumulo.core.client.impl.Writer_java,2,192
org.apache.accumulo.tserver.TabletIteratorEnvironment_java,2,192
org.apache.accumulo.core.client.admin.NamespaceOperations_java,2,192
org.apache.accumulo.master.tableOps.ExportTable_java,2,192
org.apache.accumulo.core.iterators.user.IntersectingIterator_java,2,192
org.apache.accumulo.master.tableOps.CancelCompactions_java,2,192
org.apache.accumulo.core.client.impl.ScannerIterator_java,2,192
org.apache.accumulo.core.client.mapred.AccumuloInputFormat_java,2,192
org.apache.accumulo.monitor.ZooKeeperStatus_java,2,192
org.apache.accumulo.core.util.Merge_java,2,192
org.apache.accumulo.core.client.mapreduce.AccumuloMultiTableInputFormat_java,2,192
org.apache.accumulo.core.security.VisibilityConstraint_java,2,192
org.apache.accumulo.server.metrics.AbstractMetricsImpl_java,1,209
